Taxon ID,Superkingdom,Phylum,Class,Order,Family,Genus,Species,Strain
1,,,,,,,,
2,Bacteria,,,,,,,
1224,Bacteria,Pseudomonadota,,,,,,
1236,Bacteria,Pseudomonadota,Gammaproteobacteria,,,,,
72274,Bacteria,Pseudomonadota,Gammaproteobacteria,Pseudomonadales,,,,
135621,Bacteria,Pseudomonadota,Gammaproteobacteria,Pseudomonadales,Pseudomonadaceae,,,
286,Bacteria,Pseudomonadota,Gammaproteobacteria,Pseudomonadales,Pseudomonadaceae,Pseudomonas,,
136841,Bacteria,Pseudomonadota,Gammaproteobacteria,Pseudomonadales,Pseudomonadaceae,Pseudomonas,,
287,Bacteria,Pseudomonadota,Gammaproteobacteria,Pseudomonadales,Pseudomonadaceae,Pseudomonas,Pseudomonas aeruginosa,
136843,Bacteria,Pseudomonadota,Gammaproteobacteria,Pseudomonadales,Pseudomonadaceae,Pseudomonas,,
294,Bacteria,Pseudomonadota,Gammaproteobacteria,Pseudomonadales,Pseudomonadaceae,Pseudomonas,Pseudomonas fluorescens,
47878,Bacteria,Pseudomonadota,Gammaproteobacteria,Pseudomonadales,Pseudomonadaceae,Pseudomonas,Pseudomonas azotoformans,
47883,Bacteria,Pseudomonadota,Gammaproteobacteria,Pseudomonadales,Pseudomonadaceae,Pseudomonas,Pseudomonas synxantha,
136845,Bacteria,Pseudomonadota,Gammaproteobacteria,Pseudomonadales,Pseudomonadaceae,Pseudomonas,,
303,Bacteria,Pseudomonadota,Gammaproteobacteria,Pseudomonadales,Pseudomonadaceae,Pseudomonas,Pseudomonas putida,
196821,Bacteria,Pseudomonadota,Gammaproteobacteria,Pseudomonadales,Pseudomonadaceae,Pseudomonas,,
2605424,Bacteria,Pseudomonadota,Gammaproteobacteria,Pseudomonadales,Pseudomonadaceae,Pseudomonas,Pseudomonas sp. J380,
2976884,Bacteria,Pseudomonadota,Gammaproteobacteria,Pseudomonadales,Pseudomonadaceae,Pseudomonas,Pseudomonas sp. FJ2-5-13,
3003351,Bacteria,Pseudomonadota,Gammaproteobacteria,Pseudomonadales,Pseudomonadaceae,Pseudomonas,Pseudomonas sp. GXZC,
2995174,Bacteria,Pseudomonadota,Gammaproteobacteria,Pseudomonadales,Pseudomonadaceae,Pseudomonas,Pseudomonas quebecensis,
2901164,Bacteria,Pseudomonadota,Gammaproteobacteria,Pseudomonadales,Pseudomonadaceae,Stutzerimonas,,
136846,Bacteria,Pseudomonadota,Gammaproteobacteria,Pseudomonadales,Pseudomonadaceae,Stutzerimonas,,
578833,Bacteria,Pseudomonadota,Gammaproteobacteria,Pseudomonadales,Pseudomonadaceae,Stutzerimonas,,
316,Bacteria,Pseudomonadota,Gammaproteobacteria,Pseudomonadales,Pseudomonadaceae,Stutzerimonas,Stutzerimonas stutzeri,
996285,Bacteria,Pseudomonadota,Gammaproteobacteria,Pseudomonadales,Pseudomonadaceae,Stutzerimonas,Stutzerimonas stutzeri,Stutzerimonas stutzeri DSM 4166
2968969,Bacteria,Pseudomonadota,Gammaproteobacteria,Pseudomonadales,Pseudomonadaceae,Stutzerimonas,Stutzerimonas frequens,
91347,Bacteria,Pseudomonadota,Gammaproteobacteria,Enterobacterales,,,,
543,Bacteria,Pseudomonadota,Gammaproteobacteria,Enterobacterales,Enterobacteriaceae,,,
547,Bacteria,Pseudomonadota,Gammaproteobacteria,Enterobacterales,Enterobacteriaceae,Enterobacter,,
2608935,Bacteria,Pseudomonadota,Gammaproteobacteria,Enterobacterales,Enterobacteriaceae,Enterobacter,,
2720029,Bacteria,Pseudomonadota,Gammaproteobacteria,Enterobacterales,Enterobacteriaceae,Enterobacter,Enterobacter sp. DNB-S2,
561,Bacteria,Pseudomonadota,Gammaproteobacteria,Enterobacterales,Enterobacteriaceae,Escherichia,,
562,Bacteria,Pseudomonadota,Gammaproteobacteria,Enterobacterales,Enterobacteriaceae,Escherichia,Escherichia coli,
1330547,Bacteria,Pseudomonadota,Gammaproteobacteria,Enterobacterales,Enterobacteriaceae,Kosakonia,,
1646340,Bacteria,Pseudomonadota,Gammaproteobacteria,Enterobacterales,Enterobacteriaceae,Kosakonia,Kosakonia pseudosacchari,
2055880,Bacteria,Pseudomonadota,Gammaproteobacteria,Enterobacterales,Enterobacteriaceae,Pseudescherichia,,
566,Bacteria,Pseudomonadota,Gammaproteobacteria,Enterobacterales,Enterobacteriaceae,Pseudescherichia,Pseudescherichia vulneris,
2890311,Bacteria,Pseudomonadota,Gammaproteobacteria,Enterobacterales,Enterobacteriaceae,,,
570,Bacteria,Pseudomonadota,Gammaproteobacteria,Enterobacterales,Enterobacteriaceae,Klebsiella,,
573,Bacteria,Pseudomonadota,Gammaproteobacteria,Enterobacterales,Enterobacteriaceae,Klebsiella,Klebsiella pneumoniae,
1903409,Bacteria,Pseudomonadota,Gammaproteobacteria,Enterobacterales,Erwiniaceae,,,
53335,Bacteria,Pseudomonadota,Gammaproteobacteria,Enterobacterales,Erwiniaceae,Pantoea,,
1903411,Bacteria,Pseudomonadota,Gammaproteobacteria,Enterobacterales,Yersiniaceae,,,
613,Bacteria,Pseudomonadota,Gammaproteobacteria,Enterobacterales,Yersiniaceae,Serratia,,
615,Bacteria,Pseudomonadota,Gammaproteobacteria,Enterobacterales,Yersiniaceae,Serratia,Serratia marcescens,
28151,Bacteria,Pseudomonadota,Gammaproteobacteria,Enterobacterales,Yersiniaceae,Serratia,Serratia proteamaculans,
2647522,Bacteria,Pseudomonadota,Gammaproteobacteria,Enterobacterales,Yersiniaceae,Serratia,,
1758196,Bacteria,Pseudomonadota,Gammaproteobacteria,Enterobacterales,Yersiniaceae,Serratia,Serratia sp. SSNIH1,
41201,Bacteria,Pseudomonadota,Gammaproteobacteria,Enterobacterales,Yersiniaceae,Ewingella,,
41202,Bacteria,Pseudomonadota,Gammaproteobacteria,Enterobacterales,Yersiniaceae,Ewingella,Ewingella americana,
1903412,Bacteria,Pseudomonadota,Gammaproteobacteria,Enterobacterales,Hafniaceae,,,
568,Bacteria,Pseudomonadota,Gammaproteobacteria,Enterobacterales,Hafniaceae,Hafnia,,
546367,Bacteria,Pseudomonadota,Gammaproteobacteria,Enterobacterales,Hafniaceae,Hafnia,Hafnia paralvei,
135613,Bacteria,Pseudomonadota,Gammaproteobacteria,Chromatiales,,,,
1046,Bacteria,Pseudomonadota,Gammaproteobacteria,Chromatiales,Chromatiaceae,,,
67575,Bacteria,Pseudomonadota,Gammaproteobacteria,Chromatiales,Chromatiaceae,Rheinheimera,,
115860,Bacteria,Pseudomonadota,Gammaproteobacteria,Chromatiales,Chromatiaceae,Rheinheimera,,
3019969,Bacteria,Pseudomonadota,Gammaproteobacteria,Chromatiales,Chromatiaceae,Rheinheimera,Rheinheimera sp. MM224,
135614,Bacteria,Pseudomonadota,Gammaproteobacteria,Lysobacterales,,,,
32033,Bacteria,Pseudomonadota,Gammaproteobacteria,Lysobacterales,Lysobacteraceae,,,
68,Bacteria,Pseudomonadota,Gammaproteobacteria,Lysobacterales,Lysobacteraceae,Lysobacter,,
338,Bacteria,Pseudomonadota,Gammaproteobacteria,Lysobacterales,Lysobacteraceae,Xanthomonas,,
339,Bacteria,Pseudomonadota,Gammaproteobacteria,Lysobacterales,Lysobacteraceae,Xanthomonas,Xanthomonas campestris,
29447,Bacteria,Pseudomonadota,Gammaproteobacteria,Lysobacterales,Lysobacteraceae,Xanthomonas,Xanthomonas albilineans,
40323,Bacteria,Pseudomonadota,Gammaproteobacteria,Lysobacterales,Lysobacteraceae,Stenotrophomonas,,
196198,Bacteria,Pseudomonadota,Gammaproteobacteria,Lysobacterales,Lysobacteraceae,Stenotrophomonas,,
2871169,Bacteria,Pseudomonadota,Gammaproteobacteria,Lysobacterales,Lysobacteraceae,Stenotrophomonas,Stenotrophomonas sp. DFS-20110405,
3055079,Bacteria,Pseudomonadota,Gammaproteobacteria,Lysobacterales,Lysobacteraceae,Stenotrophomonas,Stenotrophomonas sp. 704A1,
216778,Bacteria,Pseudomonadota,Gammaproteobacteria,Lysobacterales,Lysobacteraceae,Stenotrophomonas,Stenotrophomonas rhizophila,
995085,Bacteria,Pseudomonadota,Gammaproteobacteria,Lysobacterales,Lysobacteraceae,Stenotrophomonas,,
40324,Bacteria,Pseudomonadota,Gammaproteobacteria,Lysobacterales,Lysobacteraceae,Stenotrophomonas,Stenotrophomonas maltophilia,
83618,Bacteria,Pseudomonadota,Gammaproteobacteria,Lysobacterales,Lysobacteraceae,Pseudoxanthomonas,,
128785,Bacteria,Pseudomonadota,Gammaproteobacteria,Lysobacterales,Lysobacteraceae,Pseudoxanthomonas,Pseudoxanthomonas mexicana,
314722,Bacteria,Pseudomonadota,Gammaproteobacteria,Lysobacterales,Lysobacteraceae,Pseudoxanthomonas,Pseudoxanthomonas suwonensis,
743721,Bacteria,Pseudomonadota,Gammaproteobacteria,Lysobacterales,Lysobacteraceae,Pseudoxanthomonas,Pseudoxanthomonas suwonensis,Pseudoxanthomonas suwonensis 11-1
141948,Bacteria,Pseudomonadota,Gammaproteobacteria,Lysobacterales,Lysobacteraceae,Thermomonas,,
2633315,Bacteria,Pseudomonadota,Gammaproteobacteria,Lysobacterales,Lysobacteraceae,Thermomonas,,
2771436,Bacteria,Pseudomonadota,Gammaproteobacteria,Lysobacterales,Lysobacteraceae,Thermomonas,Thermomonas sp. XSG,
1775411,Bacteria,Pseudomonadota,Gammaproteobacteria,Lysobacterales,Rhodanobacteraceae,,,
75309,Bacteria,Pseudomonadota,Gammaproteobacteria,Lysobacterales,Rhodanobacteraceae,Rhodanobacter,,
2621553,Bacteria,Pseudomonadota,Gammaproteobacteria,Lysobacterales,Rhodanobacteraceae,Rhodanobacter,,
2778082,Bacteria,Pseudomonadota,Gammaproteobacteria,Lysobacterales,Rhodanobacteraceae,Rhodanobacter,Rhodanobacter sp. FDAARGOS 1247,
135618,Bacteria,Pseudomonadota,Gammaproteobacteria,Methylococcales,,,,
403,Bacteria,Pseudomonadota,Gammaproteobacteria,Methylococcales,Methylococcaceae,,,
413,Bacteria,Pseudomonadota,Gammaproteobacteria,Methylococcales,Methylococcaceae,Methylococcus,,
414,Bacteria,Pseudomonadota,Gammaproteobacteria,Methylococcales,Methylococcaceae,Methylococcus,Methylococcus capsulatus,
135619,Bacteria,Pseudomonadota,Gammaproteobacteria,Oceanospirillales,,,,
28256,Bacteria,Pseudomonadota,Gammaproteobacteria,Oceanospirillales,Halomonadaceae,,,
2745,Bacteria,Pseudomonadota,Gammaproteobacteria,Oceanospirillales,Halomonadaceae,Halomonas,,
2609666,Bacteria,Pseudomonadota,Gammaproteobacteria,Oceanospirillales,Halomonadaceae,Halomonas,,
2883106,Bacteria,Pseudomonadota,Gammaproteobacteria,Oceanospirillales,Halomonadaceae,Halomonas,Halomonas sp. NyZ770,
135624,Bacteria,Pseudomonadota,Gammaproteobacteria,Aeromonadales,,,,
84642,Bacteria,Pseudomonadota,Gammaproteobacteria,Aeromonadales,Aeromonadaceae,,,
642,Bacteria,Pseudomonadota,Gammaproteobacteria,Aeromonadales,Aeromonadaceae,Aeromonas,,
135625,Bacteria,Pseudomonadota,Gammaproteobacteria,Pasteurellales,,,,
712,Bacteria,Pseudomonadota,Gammaproteobacteria,Pasteurellales,Pasteurellaceae,,,
724,Bacteria,Pseudomonadota,Gammaproteobacteria,Pasteurellales,Pasteurellaceae,Haemophilus,,
729,Bacteria,Pseudomonadota,Gammaproteobacteria,Pasteurellales,Pasteurellaceae,Haemophilus,Haemophilus parainfluenzae,
730,Bacteria,Pseudomonadota,Gammaproteobacteria,Pasteurellales,Pasteurellaceae,Haemophilus,[Haemophilus] ducreyi,
416916,Bacteria,Pseudomonadota,Gammaproteobacteria,Pasteurellales,Pasteurellaceae,Aggregatibacter,,
732,Bacteria,Pseudomonadota,Gammaproteobacteria,Pasteurellales,Pasteurellaceae,Aggregatibacter,Aggregatibacter aphrophilus,
2887326,Bacteria,Pseudomonadota,Gammaproteobacteria,Moraxellales,,,,
468,Bacteria,Pseudomonadota,Gammaproteobacteria,Moraxellales,Moraxellaceae,,,
469,Bacteria,Pseudomonadota,Gammaproteobacteria,Moraxellales,Moraxellaceae,Acinetobacter,,
28090,Bacteria,Pseudomonadota,Gammaproteobacteria,Moraxellales,Moraxellaceae,Acinetobacter,Acinetobacter lwoffii,
29430,Bacteria,Pseudomonadota,Gammaproteobacteria,Moraxellales,Moraxellaceae,Acinetobacter,Acinetobacter haemolyticus,
40214,Bacteria,Pseudomonadota,Gammaproteobacteria,Moraxellales,Moraxellaceae,Acinetobacter,Acinetobacter johnsonii,
40215,Bacteria,Pseudomonadota,Gammaproteobacteria,Moraxellales,Moraxellaceae,Acinetobacter,Acinetobacter junii,
40216,Bacteria,Pseudomonadota,Gammaproteobacteria,Moraxellales,Moraxellaceae,Acinetobacter,Acinetobacter radioresistens,
106648,Bacteria,Pseudomonadota,Gammaproteobacteria,Moraxellales,Moraxellaceae,Acinetobacter,Acinetobacter bereziniae,
